variant,scene,n,auc_mean,auc_std,cnr_mean,cnr_std
full,u_pb_concrete,5,0.9999937669382529,6.290259937020542e-06,14.01506813053478,1.5333946541257117
full,u_explosive_concrete,5,0.9221093708094215,0.017904452680516762,1.9107243302682697,0.16655559180789387
full,u_void_concrete,5,0.975520722981251,0.010720930939149921,3.4111979771786545,0.5397636827876067
gaisser_prior,u_pb_concrete,5,0.9999922558366846,7.833719695833666e-06,13.36699608607837,1.5917104669358226
gaisser_prior,u_explosive_concrete,5,0.9277334391822739,0.013964445497234941,1.9621046423079398,0.16747290996281114
gaisser_prior,u_void_concrete,5,0.9745887864488015,0.010016420072101167,3.3058368604355444,0.45306690313508624
fixed_momentum,u_pb_concrete,5,0.9944626576721314,0.0012787067397451524,6.4456091711195045,0.3031348432469629
fixed_momentum,u_explosive_concrete,5,0.7628309339523914,0.02034339424232633,0.8860058932342575,0.06711111587934963
fixed_momentum,u_void_concrete,5,0.8259181681413968,0.006745584380758495,1.0969444472599512,0.04284935164932453
analytic_instrument,u_pb_concrete,5,0.9999960359032789,5.055973470801277e-06,15.237890197638103,1.8209754999672605
analytic_instrument,u_explosive_concrete,5,0.8400453306452697,0.027870636896987377,1.3811719451850077,0.114868050198778
analytic_instrument,u_void_concrete,5,0.9605720287420529,0.012872033120699585,2.811248167457777,0.427164130230748
no_instrument,u_pb_concrete,5,0.9999415214275474,5.485086607362424e-05,10.229561713556363,0.6615489066500159
no_instrument,u_explosive_concrete,5,0.5452914669988035,0.013943273286833854,0.08195221747296706,0.05933174800588096
no_instrument,u_void_concrete,5,0.6924160907288087,0.015204168904938153,0.6534944863877534,0.0862275765655941
