seed,variant,scene,auc,cnr,n_target,n_bg,n_valid
42,full,u_pb_concrete,0.9999858160856936,13.843639975504548,648,1632,2280
42,full,u_explosive_concrete,0.9089648186018329,1.747629326632269,648,1630,2278
42,full,u_void_concrete,0.9700281475444474,3.4163453109684103,648,1636,2284
42,gaisser_prior,u_pb_concrete,0.9999820337085451,13.078501736102423,648,1632,2280
42,gaisser_prior,u_explosive_concrete,0.9192115428311748,1.8097270583603466,648,1630,2278
42,gaisser_prior,u_void_concrete,0.9718581152464608,3.371978758528407,648,1636,2284
42,fixed_momentum,u_pb_concrete,0.9950110445412733,6.608769249561066,648,1632,2280
42,fixed_momentum,u_explosive_concrete,0.7728849503900629,0.9071348192282971,648,1630,2278
42,fixed_momentum,u_void_concrete,0.8371253282622476,1.155189793737709,648,1636,2284
42,analytic_instrument,u_pb_concrete,0.9999971632171387,15.52707993340491,648,1632,2280
42,analytic_instrument,u_explosive_concrete,0.8136711353480269,1.247430211766575,648,1630,2278
42,analytic_instrument,u_void_concrete,0.9545385085574573,2.7841407594555108,648,1636,2284
42,no_instrument,u_pb_concrete,0.9999952720285645,10.838036615246294,648,1632,2280
42,no_instrument,u_explosive_concrete,0.5317759221389078,0.0602368866685481,648,1630,2278
42,no_instrument,u_void_concrete,0.6745977844184853,0.5696115984096115,648,1636,2284
43,full,u_pb_concrete,1.0,14.479156201122448,648,1638,2286
43,full,u_explosive_concrete,0.953156539883423,2.134909450484445,648,1633,2281
43,full,u_void_concrete,0.9847448357820318,3.0290844648266644,648,1631,2279
43,gaisser_prior,u_pb_concrete,1.0,13.903904609082796,648,1638,2286
43,gaisser_prior,u_explosive_concrete,0.951498038148375,2.1720579557481687,648,1633,2281
43,gaisser_prior,u_void_concrete,0.9832205493865007,2.9943126236821502,648,1631,2279
43,fixed_momentum,u_pb_concrete,0.9937027992583548,6.421005327006952,648,1638,2286
43,fixed_momentum,u_explosive_concrete,0.7579740385415012,0.8676587903516505,648,1633,2281
43,fixed_momentum,u_void_concrete,0.8263259683145234,1.0772207062909316,648,1631,2279
43,analytic_instrument,u_pb_concrete,1.0,15.404126099075086,648,1638,2286
43,analytic_instrument,u_explosive_concrete,0.887019648756738,1.551372656795866,648,1633,2281
43,analytic_instrument,u_void_concrete,0.9646405295546926,2.460656283286476,648,1631,2279
43,no_instrument,u_pb_concrete,1.0,10.31157348502019,648,1638,2286
43,no_instrument,u_explosive_concrete,0.5470636486660165,0.047613972113088744,648,1633,2281
43,no_instrument,u_void_concrete,0.6850186585522781,0.6016070931113425,648,1631,2279
44,full,u_pb_concrete,1.0,16.384121257628074,648,1637,2285
44,full,u_explosive_concrete,0.919052488070893,1.9770264400406676,648,1630,2278
44,full,u_void_concrete,0.975576409231631,3.5867047902047564,648,1631,2279
44,gaisser_prior,u_pb_concrete,1.0,15.83210555193909,648,1637,2285
44,gaisser_prior,u_explosive_concrete,0.9286648867681587,2.04255396921786,648,1630,2278
44,gaisser_prior,u_void_concrete,0.9730643171272642,3.4566116954643546,648,1631,2279
44,fixed_momentum,u_pb_concrete,0.9964733365008258,6.8618849649244815,648,1637,2285
44,fixed_momentum,u_explosive_concrete,0.7713957055214724,0.9141561466734283,648,1630,2278
44,fixed_momentum,u_void_concrete,0.8217862252197016,1.1192837326412102,648,1631,2279
44,analytic_instrument,u_pb_concrete,1.0,18.037347461101835,648,1637,2285
44,analytic_instrument,u_explosive_concrete,0.830873665076119,1.3972758186470793,648,1630,2278
44,analytic_instrument,u_void_concrete,0.9631730136021982,2.951118336716032,648,1631,2279
44,no_instrument,u_pb_concrete,0.9999358959855804,10.301845329870524,648,1637,2285
44,no_instrument,u_explosive_concrete,0.53846284935242,0.05349849184006477,648,1630,2278
44,no_instrument,u_void_concrete,0.6866867634035017,0.6043697084882437,648,1631,2279
45,full,u_pb_concrete,0.9999934010573391,12.73741138320986,648,1637,2285
45,full,u_explosive_concrete,0.9110789214572446,1.9509362362356946,648,1630,2278
45,full,u_void_concrete,0.9606400759734093,2.8161379926409476,648,1625,2273
45,gaisser_prior,u_pb_concrete,0.9999915156451503,12.056597733329102,648,1637,2285
45,gaisser_prior,u_explosive_concrete,0.9173038324623192,2.0132832703405694,648,1630,2278
45,gaisser_prior,u_void_concrete,0.9600018993352327,2.764732576383487,648,1625,2273
45,fixed_momentum,u_pb_concrete,0.9935424632533164,6.087163698860842,648,1637,2285
45,fixed_momentum,u_explosive_concrete,0.7298473831704916,0.7812041780099237,648,1630,2278
45,fixed_momentum,u_void_concrete,0.8245403608736942,1.0911275520630936,648,1625,2273
45,analytic_instrument,u_pb_concrete,0.999995286469528,13.514402692633048,648,1637,2285
45,analytic_instrument,u_explosive_concrete,0.8395980080284784,1.4011656795830763,648,1630,2278
45,analytic_instrument,u_void_concrete,0.9428926875593542,2.4017773176358843,648,1625,2273
45,no_instrument,u_pb_concrete,0.9998906460930489,9.114185421573616,648,1637,2285
45,no_instrument,u_explosive_concrete,0.5409253578732106,0.060762988280579,648,1630,2278
45,no_instrument,u_void_concrete,0.7033703703703704,0.730039121394003,648,1625,2273
46,full,u_pb_concrete,0.9999896175482312,12.631011835208978,648,1635,2283
46,full,u_explosive_concrete,0.9182940860337141,1.7431201979482729,648,1631,2279
46,full,u_void_concrete,0.9866141463747357,4.2077173272524915,648,1629,2277
46,gaisser_prior,u_pb_concrete,0.9999877298297278,11.96387079993844,648,1635,2283
46,gaisser_prior,u_explosive_concrete,0.921988895701342,1.7729009578727548,648,1631,2279
46,gaisser_prior,u_void_concrete,0.9847990511485498,3.9415486481193223,648,1629,2277
46,fixed_momentum,u_pb_concrete,0.9935836448068864,6.249222615244178,648,1635,2283
46,fixed_momentum,u_explosive_concrete,0.782052592138429,0.959875531907988,648,1631,2279
46,fixed_momentum,u_void_concrete,0.8198129580368173,1.0419004515668122,648,1629,2277
46,analytic_instrument,u_pb_concrete,0.9999877298297278,13.70649480197563,648,1635,2283
46,analytic_instrument,u_explosive_concrete,0.8290641960169857,1.308615359132442,648,1631,2279
46,analytic_instrument,u_void_concrete,0.9776154044365626,3.4585481401949814,648,1629,2277
46,no_instrument,u_pb_concrete,0.9998857930305433,10.582167716071188,648,1635,2283
46,no_instrument,u_explosive_concrete,0.5682295569634626,0.18764874846255467,648,1631,2279
46,no_instrument,u_void_concrete,0.7124068768994081,0.7618449105355666,648,1629,2277
