condition,method,auc_mean,auc_std,cnr_mean,cnr_std
150k_1mm,poca,0.7320715321521241,0.0033858237467741734,1.2151133835479098,0.11310120450639323
150k_1mm,asr_q75,0.8393681581126413,0.006952828521721623,2.497023502969397,0.052193561126392944
150k_1mm,mlsd_median,0.8746962305801251,0.0075936184029679835,2.3439940094402134,0.049651300982978305
150k_1mm,namt_3p,0.9687804959651516,0.0032075048121044765,6.155999261946272,0.31031785872777584
150k_1mm,namt_4p,0.9707932087315546,0.0036671583732748566,6.789881153708102,0.35997419328420693
150k_2mm,poca,0.7279198417483809,0.0032186359288263145,1.1403119539003568,0.04572736845240082
150k_2mm,asr_q75,0.7359450072759739,0.0051276286609197455,1.5282071905866994,0.02419223448784692
150k_2mm,mlsd_median,0.7845797816659703,0.00811849439697125,1.6302780117397575,0.03387671038533782
150k_2mm,namt_3p,0.9419951388512591,0.0038794414145656444,4.14490075969216,0.18354757177936973
150k_2mm,namt_4p,0.9536412421578966,0.0038651277044601073,4.5203859609583095,0.17264921562525765
150k_3mm,poca,0.7214678241968245,0.002766838956247938,0.9523995192762896,0.0849130219681304
150k_3mm,asr_q75,0.6932099481234678,0.007201522175525393,0.9626912433951134,0.009194712291773509
150k_3mm,mlsd_median,0.7070438828156311,0.008727086333199132,1.0538522740340301,0.03370432469169939
150k_3mm,namt_3p,0.9168755828370324,0.004374698805167123,3.2055584729777076,0.14262670934230576
150k_3mm,namt_4p,0.9234924769966174,0.0051955932830797785,3.3880932568246855,0.11259035732805375
100k_1mm,poca,0.7028654734332227,0.004715978779881641,1.0200445110412146,0.10969139820120598
100k_1mm,asr_q75,0.8031440734886826,0.005656844645656964,2.2079243733449823,0.04872478066115532
100k_1mm,mlsd_median,0.8586137928253654,0.008973018763993363,2.1682852790039635,0.0677549543721579
100k_1mm,namt_3p,0.9568631227247918,0.003711265909833422,5.428030116235884,0.33513085276156046
100k_1mm,namt_4p,0.9571166798917551,0.0023959746622848823,5.7755596970841605,0.35939115921989045
50k_1mm,poca,0.6454896431092519,0.005058731008544741,0.6542719251986963,0.13829355455713696
50k_1mm,asr_q75,0.757049459909312,0.009636269444480917,1.7722156138900655,0.04282956304021495
50k_1mm,mlsd_median,0.8229361869552895,0.004126725519567732,1.8018172958485028,0.03883120083143247
50k_1mm,namt_3p,0.8968647348863232,0.008714910059961826,4.056942674472479,0.16299802831716728
50k_1mm,namt_4p,0.8987793194023729,0.008377331206750917,4.112468293933663,0.17595076802783716
